E_pa,nu,rho,h_m,f_hz,phase_speed_m_s,shear_speed_m_s,longitudinal_speed_m_s,wavenumber_rad_m,kh_full_thickness,dispersion_relative_residual,navier_analytic_relative_residual,navier_fd4_relative_residual,traction_relative_residual,traction_xz_top_relative,traction_xz_bottom_relative,traction_zz_top_relative,traction_zz_bottom_relative,axial_even_parity_relative,inplane_odd_parity_relative,surface_axial_normalization_error,z_origin,time_convention,propagation,model,exact_scope,reference_doi,passed
6000.0,0.45,1000.0,0.0006,1000.0,1.1770299003445037,1.4383899044561526,4.770599615316211,5338.169663608857,3.202901798165314,0.0,8.671853121985591e-15,1.3949683152793915e-08,4.324421602138441e-15,2.730431877697191e-16,2.730431877697191e-16,4.324421602138441e-15,4.324421602138441e-15,7.116947567418806e-16,5.337710675564105e-16,2.220446049250313e-16,top_free_face,real(U*exp(-i*omega*t)),+x,homogeneous_isotropic_unloaded_free_plate_A0,single continuum eigenmode; not localized forcing or heterogeneous inclusion,10.1098/rspa.1917.0008,True
6000.0,0.45,1000.0,0.0012,1000.0,1.3008640070297455,1.4383899044561526,4.770599615316211,4830.009342426149,5.796011210911378,3.312399815284861e-16,3.3845173516830313e-15,1.0186441569799804e-07,6.217789384046577e-16,4.711080992088093e-16,4.711080992088093e-16,6.217789384046577e-16,6.217789384046577e-16,5.555313770681576e-16,7.407085027575436e-16,2.220446049250313e-16,top_free_face,real(U*exp(-i*omega*t)),+x,homogeneous_isotropic_unloaded_free_plate_A0,single continuum eigenmode; not localized forcing or heterogeneous inclusion,10.1098/rspa.1917.0008,True
6000.0,0.495,1000.0,0.0006,1000.0,1.1768022709720456,1.416576493949657,14.236417571997556,5339.202228076631,3.2035213368459785,3.893086852005203e-16,6.027039283733577e-14,1.4353530304087205e-07,7.889825052385538e-16,7.889825052385538e-16,7.889825052385538e-16,0.0,0.0,1.0284514526081955e-15,5.142257263040978e-16,6.661338147750939e-16,top_free_face,real(U*exp(-i*omega*t)),+x,homogeneous_isotropic_unloaded_free_plate_A0,single continuum eigenmode; not localized forcing or heterogeneous inclusion,10.1098/rspa.1917.0008,True
6000.0,0.495,1000.0,0.0012,1000.0,1.2927213958336095,1.416576493949657,14.236417571997556,4860.432671285589,5.832519205542706,3.307819577776074e-16,3.6535568230759016e-14,1.1180056512677696e-06,2.956099466723959e-14,0.0,0.0,2.956099466723959e-14,2.956099466723959e-14,5.370369434319949e-16,8.055554151479922e-16,0.0,top_free_face,real(U*exp(-i*omega*t)),+x,homogeneous_isotropic_unloaded_free_plate_A0,single continuum eigenmode; not localized forcing or heterogeneous inclusion,10.1098/rspa.1917.0008,True
12000.0,0.45,1000.0,0.0006,1000.0,1.5370172621899367,2.034190510862431,6.746646676632055,4087.9080942964333,2.45274485657786,2.6347835006685606e-16,1.1049672235599328e-14,6.289267912599556e-09,7.195430125173451e-16,9.086362799501765e-17,9.086362799501765e-17,7.195430125173451e-16,7.195430125173451e-16,7.254729694491652e-16,5.44104727086874e-16,4.440892098500626e-16,top_free_face,real(U*exp(-i*omega*t)),+x,homogeneous_isotropic_unloaded_free_plate_A0,single continuum eigenmode; not localized forcing or heterogeneous inclusion,10.1098/rspa.1917.0008,True
12000.0,0.45,1000.0,0.0012,1000.0,1.7665380527110495,2.034190510862431,6.746646676632055,3556.7789199541908,4.268134703945028,2.5992560545114415e-16,5.654636942848078e-15,3.54414836183545e-08,2.468727394766984e-15,0.0,0.0,2.468727394766984e-15,2.468727394766984e-15,5.414188457041344e-16,4.51182371420112e-16,2.220446049250313e-16,top_free_face,real(U*exp(-i*omega*t)),+x,homogeneous_isotropic_unloaded_free_plate_A0,single continuum eigenmode; not localized forcing or heterogeneous inclusion,10.1098/rspa.1917.0008,True
12000.0,0.495,1000.0,0.0006,1000.0,1.5416067201425205,2.0033416898825336,20.133334809925593,4075.7381406580203,2.445442884394812,1.3613782967128455e-16,7.148676694823699e-14,6.292538045031914e-08,1.1520550453188508e-14,8.818878724870846e-17,8.818878724870846e-17,1.1520550453188508e-14,1.1520550453188508e-14,7.020203198592515e-16,5.265152398944387e-16,0.0,top_free_face,real(U*exp(-i*omega*t)),+x,homogeneous_isotropic_unloaded_free_plate_A0,single continuum eigenmode; not localized forcing or heterogeneous inclusion,10.1098/rspa.1917.0008,True
12000.0,0.495,1000.0,0.0012,1000.0,1.7604301895351389,2.0033416898825336,20.133334809925593,3569.1192667166943,4.2829431200600325,1.3138174613086508e-16,4.577872257989824e-14,3.759548332773764e-07,6.506234101949769e-15,1.9921856940380395e-16,1.9921856940380395e-16,6.506234101949769e-15,6.506234101949769e-15,6.943699554168493e-16,5.207774665626369e-16,2.220446049250313e-16,top_free_face,real(U*exp(-i*omega*t)),+x,homogeneous_isotropic_unloaded_free_plate_A0,single continuum eigenmode; not localized forcing or heterogeneous inclusion,10.1098/rspa.1917.0008,True
24000.0,0.45,1000.0,0.0006,1000.0,1.9686231750948822,2.876779808912305,9.541199230632422,3191.6648075001726,1.9149988845001034,1.749251910849124e-16,2.301049709755315e-14,3.7515020331382685e-09,6.669513882646353e-15,4.812707254449628e-16,4.812707254449628e-16,6.669513882646353e-15,6.669513882646353e-15,1.1250401640254631e-15,1.1250401640254631e-15,4.440892098500626e-16,top_free_face,real(U*exp(-i*omega*t)),+x,homogeneous_isotropic_unloaded_free_plate_A0,single continuum eigenmode; not localized forcing or heterogeneous inclusion,10.1098/rspa.1917.0008,True
24000.0,0.45,1000.0,0.0012,1000.0,2.3540598006890074,2.876779808912305,9.541199230632422,2669.0848318044286,3.202901798165314,0.0,8.671853121985591e-15,1.3949683152793915e-08,4.324421602138441e-15,2.730431877697191e-16,2.730431877697191e-16,4.324421602138441e-15,4.324421602138441e-15,7.116947567418806e-16,5.337710675564105e-16,2.220446049250313e-16,top_free_face,real(U*exp(-i*omega*t)),+x,homogeneous_isotropic_unloaded_free_plate_A0,single continuum eigenmode; not localized forcing or heterogeneous inclusion,10.1098/rspa.1917.0008,True
24000.0,0.495,1000.0,0.0006,1000.0,1.9798720814599302,2.833152987899314,28.472835143995113,3173.530939709222,1.904118563825533,3.645602636562525e-16,1.7769000255247202e-13,3.6594308504461565e-08,7.690593832690895e-15,1.177416211288232e-16,1.177416211288232e-16,7.690593832690895e-15,7.690593832690895e-15,1.094697297491723e-15,5.473486487458615e-16,0.0,top_free_face,real(U*exp(-i*omega*t)),+x,homogeneous_isotropic_unloaded_free_plate_A0,single continuum eigenmode; not localized forcing or heterogeneous inclusion,10.1098/rspa.1917.0008,True
24000.0,0.495,1000.0,0.0012,1000.0,2.353604541944091,2.833152987899314,28.472835143995113,2669.6011140383157,3.2035213368459785,3.893086852005203e-16,6.027039283733577e-14,1.4353530304087205e-07,7.889825052385538e-16,7.889825052385538e-16,7.889825052385538e-16,0.0,0.0,1.0284514526081955e-15,5.142257263040978e-16,6.661338147750939e-16,top_free_face,real(U*exp(-i*omega*t)),+x,homogeneous_isotropic_unloaded_free_plate_A0,single continuum eigenmode; not localized forcing or heterogeneous inclusion,10.1098/rspa.1917.0008,True
