case_label,method,source,common_speed_pixels,common_young_pixels,common_speed_discrepancy_homogeneous_pct,common_young_discrepancy_homogeneous_pct
rayleigh_12kPa_original_mesh010mm,phase_gradient,exact_xz,440,440,0.0934578955248011,0.186916520128783
rayleigh_12kPa_original_mesh010mm,phase_gradient,true_fdtd_xz,440,440,1.91908721360892,3.81990464883791
rayleigh_12kPa_original_mesh010mm,directional_phase,exact_xz,440,440,3.08978284360673,6.25192045123559
rayleigh_12kPa_original_mesh010mm,directional_phase,true_fdtd_xz,440,440,2.30745227347465,4.60967827185319
lamb_A0_12kPa_h060mm_1000Hz,phase_gradient,exact_xz,770,770,0.0697679317866906,0.186172078348573
lamb_A0_12kPa_h060mm_1000Hz,phase_gradient,true_fdtd_xz,770,770,5.21629554179528,14.1201071504153
lamb_A0_12kPa_h060mm_1000Hz,directional_phase,exact_xz,770,770,1.60535196119937,4.29282278881893
lamb_A0_12kPa_h060mm_1000Hz,directional_phase,true_fdtd_xz,770,770,3.99895675760776,10.8102052433346
lamb_A0_12kPa_h060mm_500Hz,phase_gradient,exact_xz,1243,1243,0.0391004128794448,0.120494224776013
lamb_A0_12kPa_h060mm_500Hz,phase_gradient,true_fdtd_xz,1243,1243,4.27256404358602,13.5065839973504
lamb_A0_12kPa_h060mm_500Hz,directional_phase,exact_xz,1243,1243,2.23818800233944,6.92742614039892
lamb_A0_12kPa_h060mm_500Hz,directional_phase,true_fdtd_xz,1243,1243,2.85392439915443,8.99365677487334
lamb_A0_12kPa_h120mm_1000Hz,phase_gradient,exact_xz,512,512,0.0605270589767004,0.139784207574167
lamb_A0_12kPa_h120mm_1000Hz,phase_gradient,true_fdtd_xz,512,512,17.2362457442225,42.5603887704618
lamb_A0_12kPa_h120mm_1000Hz,directional_phase,exact_xz,500,500,2.66679758149821,6.12554908415533
lamb_A0_12kPa_h120mm_1000Hz,directional_phase,true_fdtd_xz,500,500,16.8773566296249,43.8940219576283
rayleigh_12kPa_nu045_1500Hz,phase_gradient,exact_xz,552,552,0.0604738676623529,0.120947291827928
rayleigh_12kPa_nu045_1500Hz,phase_gradient,true_fdtd_xz,552,552,1.20577114524445,2.40483451225502
rayleigh_12kPa_nu045_1500Hz,directional_phase,exact_xz,552,552,1.11497144370781,2.22158523015692
rayleigh_12kPa_nu045_1500Hz,directional_phase,true_fdtd_xz,552,552,2.0503214652953,4.0737202170715
rayleigh_12kPa_point_source_1000Hz,phase_gradient,exact_xz,495,495,0.0578927490809011,0.115751982457879
rayleigh_12kPa_point_source_1000Hz,phase_gradient,true_fdtd_xz,495,495,1.017923641789,2.02548559817287
rayleigh_12kPa_point_source_1000Hz,directional_phase,exact_xz,495,495,1.08628374195714,2.18064855876201
rayleigh_12kPa_point_source_1000Hz,directional_phase,true_fdtd_xz,495,495,1.7348471442429,3.49920527137251
rayleigh_12kPa_stiff_inclusion,phase_gradient,exact_xz,495,495,0.0525570979458045,0.105086573406177
rayleigh_12kPa_stiff_inclusion,phase_gradient,true_fdtd_xz,495,495,13.0350634613387,26.7536775984791
rayleigh_12kPa_stiff_inclusion,directional_phase,exact_xz,495,495,1.08697408539223,2.18009357360471
rayleigh_12kPa_stiff_inclusion,directional_phase,true_fdtd_xz,495,495,12.5510358936279,24.5924434440402
rayleigh_24kPa_1000Hz,phase_gradient,exact_xz,552,552,0.0606940849559701,0.121388247334026
rayleigh_24kPa_1000Hz,phase_gradient,true_fdtd_xz,552,552,1.19119162434264,2.38668436136442
rayleigh_24kPa_1000Hz,directional_phase,exact_xz,552,552,1.34086510084799,2.66375096420873
rayleigh_24kPa_1000Hz,directional_phase,true_fdtd_xz,552,552,1.42797620157015,2.84430389459419
rayleigh_6kPa_1000Hz,phase_gradient,exact_xz,552,552,0.0574595151352331,0.114919006304987
rayleigh_6kPa_1000Hz,phase_gradient,true_fdtd_xz,552,552,1.21469780830053,2.41464070626788
rayleigh_6kPa_1000Hz,directional_phase,exact_xz,552,552,2.63657522350764,5.22718972390488
rayleigh_6kPa_1000Hz,directional_phase,true_fdtd_xz,552,552,3.1121367511552,6.23084215506783
