name,status
test_final_architecture_contract,PASS
test_parameter_preparation_chain_contract,PASS
test_maintained_terminology_contract,PASS
test_fireice_dependency_contract,PASS
test_canonical_helper_ownership_contract,PASS
test_interactive_acquisition_architecture,FAIL
test_synthetic_golden_harness_contract,PASS
test_path_and_function_resolution,PASS
test_config_domain_resolution,PASS
test_io_acquisition_resolution,PASS
test_border_domain_resolution,PASS
test_motion_domain_resolution,PASS
test_filtering_domain_resolution,PASS
test_dispersion_windows_resolution,PASS
test_dispersion_analysis_resolution,PASS
test_results_domain_resolution,PASS
test_plotting_domain_resolution,PASS
test_pipeline_domain_resolution,PASS
test_interactive_acquisition_helpers,PASS
test_find_surface,PASS
test_loupas_phase_increment,PASS
test_manual_preview_helpers,PASS
test_startup_contract,PASS
test_prepare_acquisition_parameters_contract,PASS
test_manual_single_file_workflow_contract,FAIL
test_phase_speed_persistence_contract,PASS
test_results_summary_persistence_contract,PASS
test_results_export_contract,PASS
test_plotting_individual_contract,PASS
test_plotting_summary_contract,PASS
test_pipeline_single_contract,PASS
test_pipeline_batch_contract,PASS
test_pipeline_summary_contract,PASS
test_pipeline_workflow_contract,PASS
test_phase_unwrap,PASS
test_local_speed_estimators,PASS
test_wave_motion_plane,PASS
test_config_domain_contract,PASS
test_io_acquisition_contract,PASS
test_oct_system_reconstruction_contract,PASS
test_spectral_domain_1310_contract,PASS
test_border_domain_contract,PASS
test_border_multibmode_contract,PASS
test_phantom_border_robustness_contract,PASS
test_motion_domain_contract,PASS
test_filtering_domain_contract,PASS
test_dispersion_windows_contract,PASS
test_dispersion_analysis_contract,PASS
test_results_domain_contract,PASS
test_results_angular_ordering_contract,PASS
test_experiment_scan_axis_summary_contract,PASS
test_results_summary_contract,PASS
test_synthetic_scientific_golden,PASS
