case_label,source,unwrap_method,estimator,pd_geometry,directional_filter,raw_iterations_executed,raw_phase_temporal_rmse_rad,score_pixels,accepted_pixels,coverage_pct,speed_median_m_s,speed_discrepancy_homogeneous_pct,young_discrepancy_constitutive_pct,raw_wrap_consistency_rms_rad
lamb_A0_12kPa_h060mm_1000Hz,exact_xz,sequential,phase_derivative_2d,lateral,1,0,0.0297901895144393,840,770,91.6666666666667,1.54459364798014,1.57460908494638,4.13590920051176,3.97152048602787e-16
lamb_A0_12kPa_h060mm_1000Hz,exact_xz,least_squares_dct,phase_derivative_2d,lateral,1,0,0.0297901895144393,840,770,91.6666666666667,1.54459364798014,1.57460908494645,4.13590920051197,8.05299337765912e-15
lamb_A0_12kPa_h060mm_1000Hz,exact_xz,tie_dct,phase_derivative_2d,lateral,1,8,0.0297901895144393,840,770,91.6666666666667,1.54459364798014,1.57460908494638,4.13590920051176,3.97152048602787e-16
lamb_A0_12kPa_h060mm_1000Hz,true_fdtd_xz,sequential,phase_derivative_2d,lateral,1,0,0.0299231919671623,840,770,91.6666666666667,1.57572463550725,3.99988108323898,10.894461660037,3.24005930617921e-16
lamb_A0_12kPa_h060mm_1000Hz,true_fdtd_xz,least_squares_dct,phase_derivative_2d,lateral,1,0,0.0299231919671623,840,770,91.6666666666667,1.57572463550725,3.99988108323904,10.8944616600369,7.17520349453661e-15
lamb_A0_12kPa_h060mm_1000Hz,true_fdtd_xz,tie_dct,phase_derivative_2d,lateral,1,8,0.0299231919671623,840,770,91.6666666666667,1.57572463550725,3.99988108323898,10.894461660037,3.24005930617921e-16
lamb_A0_12kPa_h120mm_1000Hz,exact_xz,sequential,phase_derivative_2d,lateral,1,0,0.0298399390082337,598,552,92.3076923076923,1.76386219111927,2.63381478063643,5.96224523125458,4.21566389056663e-16
lamb_A0_12kPa_h120mm_1000Hz,exact_xz,least_squares_dct,phase_derivative_2d,lateral,1,0,0.0298399390082337,598,552,92.3076923076923,1.76386219111927,2.63381478063644,5.96224523125461,7.42289904499311e-15
lamb_A0_12kPa_h120mm_1000Hz,exact_xz,tie_dct,phase_derivative_2d,lateral,1,8,0.0298399390082337,598,552,92.3076923076923,1.76386219111927,2.63381478063643,5.96224523125458,4.21566389056663e-16
lamb_A0_12kPa_h120mm_1000Hz,true_fdtd_xz,sequential,phase_derivative_2d,lateral,1,0,0.0299215197495944,598,517,86.4548494983278,2.00858969847441,17.4935820941892,44.8588389713878,2.54900846395809e-16
lamb_A0_12kPa_h120mm_1000Hz,true_fdtd_xz,least_squares_dct,phase_derivative_2d,lateral,1,0,0.0299215197495944,598,517,86.4548494983278,2.0085896984744,17.4935820941891,44.8588389713876,7.34539320303556e-15
lamb_A0_12kPa_h120mm_1000Hz,true_fdtd_xz,tie_dct,phase_derivative_2d,lateral,1,8,0.0299215197495944,598,517,86.4548494983278,2.00858969847441,17.4935820941892,44.8588389713878,2.54900846395809e-16
lamb_A0_12kPa_h060mm_1000Hz_random_static_carrier,exact_xz,sequential,phase_derivative_2d,lateral,1,0,2.03759998966332,840,653,77.7380952380952,1.52556738509567,2.36660427320969,6.24723114017608,4.13500876089475e-16
lamb_A0_12kPa_h060mm_1000Hz_random_static_carrier,exact_xz,least_squares_dct,phase_derivative_2d,lateral,1,0,0.846705802618087,840,770,91.6666666666667,1.54431727949027,1.62853836428604,4.3451882361198,0.991076128137062
lamb_A0_12kPa_h060mm_1000Hz_random_static_carrier,exact_xz,tie_dct,phase_derivative_2d,lateral,1,8,1.04856377884289,840,770,91.6666666666667,1.54365493183003,1.40996669750196,3.78168642139238,4.54909650029505e-16
lamb_A0_12kPa_h060mm_1000Hz_random_static_carrier,true_fdtd_xz,sequential,phase_derivative_2d,lateral,1,0,2.4340109866359,840,770,91.6666666666667,1.62746260337131,8.91077965907233,23.5988030700961,3.68885891247786e-16
lamb_A0_12kPa_h060mm_1000Hz_random_static_carrier,true_fdtd_xz,least_squares_dct,phase_derivative_2d,lateral,1,0,1.08425854068813,840,770,91.6666666666667,1.57053169512742,2.3201488541984,6.26802352485107,1.28601407942482
lamb_A0_12kPa_h060mm_1000Hz_random_static_carrier,true_fdtd_xz,tie_dct,phase_derivative_2d,lateral,1,8,1.25039087341559,840,770,91.6666666666667,1.57563461792159,2.84312515995617,7.65708090669771,3.92111092543405e-16
