case_label,source_index,unwrap_method,common_pixels,speed_error_common_pct
rayleigh_12kPa_original_mesh010mm,1,sequential,440,0.0124144089699296
rayleigh_12kPa_original_mesh010mm,1,least_squares_dct,440,0.0124144089698741
rayleigh_12kPa_original_mesh010mm,1,tie_dct,440,0.0124144089699296
rayleigh_12kPa_original_mesh010mm,2,sequential,440,1.9309422566597
rayleigh_12kPa_original_mesh010mm,2,least_squares_dct,440,1.93094225665965
rayleigh_12kPa_original_mesh010mm,2,tie_dct,440,1.9309422566597
lamb_A0_12kPa_h060mm_1000Hz,1,sequential,770,0.00706843095026333
lamb_A0_12kPa_h060mm_1000Hz,1,least_squares_dct,770,0.00706843095024112
lamb_A0_12kPa_h060mm_1000Hz,1,tie_dct,770,0.00706843095026333
lamb_A0_12kPa_h060mm_1000Hz,2,sequential,770,5.23822279169481
lamb_A0_12kPa_h060mm_1000Hz,2,least_squares_dct,770,5.23822279169475
lamb_A0_12kPa_h060mm_1000Hz,2,tie_dct,770,5.23822279169481
lamb_A0_12kPa_h060mm_500Hz,1,sequential,1243,0.00559771987133084
lamb_A0_12kPa_h060mm_500Hz,1,least_squares_dct,1243,0.00559771987136415
lamb_A0_12kPa_h060mm_500Hz,1,tie_dct,1243,0.00559771987133084
lamb_A0_12kPa_h060mm_500Hz,2,sequential,1243,4.30877900587636
lamb_A0_12kPa_h060mm_500Hz,2,least_squares_dct,1243,4.30877900587636
lamb_A0_12kPa_h060mm_500Hz,2,tie_dct,1243,4.30877900587636
lamb_A0_12kPa_h120mm_1000Hz,1,sequential,552,0.00815612476038341
lamb_A0_12kPa_h120mm_1000Hz,1,least_squares_dct,552,0.00815612476034455
lamb_A0_12kPa_h120mm_1000Hz,1,tie_dct,552,0.00815612476038341
lamb_A0_12kPa_h120mm_1000Hz,2,sequential,515,17.2873815805178
lamb_A0_12kPa_h120mm_1000Hz,2,least_squares_dct,515,17.2873815805176
lamb_A0_12kPa_h120mm_1000Hz,2,tie_dct,515,17.2873815805178
rayleigh_12kPa_nu045_1500Hz,1,sequential,552,0.0106336113657179
rayleigh_12kPa_nu045_1500Hz,1,least_squares_dct,552,0.010633611365729
rayleigh_12kPa_nu045_1500Hz,1,tie_dct,552,0.0106336113657179
rayleigh_12kPa_nu045_1500Hz,2,sequential,552,1.22940456605688
rayleigh_12kPa_nu045_1500Hz,2,least_squares_dct,552,1.22940456605689
rayleigh_12kPa_nu045_1500Hz,2,tie_dct,552,1.22940456605688
rayleigh_12kPa_point_source_1000Hz,1,sequential,495,0.0094807976482203
rayleigh_12kPa_point_source_1000Hz,1,least_squares_dct,495,0.00948079764808707
rayleigh_12kPa_point_source_1000Hz,1,tie_dct,495,0.0094807976482203
rayleigh_12kPa_point_source_1000Hz,2,sequential,495,0.985967254162723
rayleigh_12kPa_point_source_1000Hz,2,least_squares_dct,495,0.985967254162778
rayleigh_12kPa_point_source_1000Hz,2,tie_dct,495,0.985967254162723
rayleigh_12kPa_stiff_inclusion,1,sequential,495,0.0102583925276734
rayleigh_12kPa_stiff_inclusion,1,least_squares_dct,495,0.0102583925277622
rayleigh_12kPa_stiff_inclusion,1,tie_dct,495,0.0102583925276734
rayleigh_12kPa_stiff_inclusion,2,sequential,495,13.4319217321257
rayleigh_12kPa_stiff_inclusion,2,least_squares_dct,495,13.4319217321258
rayleigh_12kPa_stiff_inclusion,2,tie_dct,495,13.4319217321257
rayleigh_24kPa_1000Hz,1,sequential,552,0.00889995936401711
rayleigh_24kPa_1000Hz,1,least_squares_dct,552,0.00889995936410592
rayleigh_24kPa_1000Hz,1,tie_dct,552,0.00889995936401711
rayleigh_24kPa_1000Hz,2,sequential,552,1.20175907451765
rayleigh_24kPa_1000Hz,2,least_squares_dct,552,1.20175907451771
rayleigh_24kPa_1000Hz,2,tie_dct,552,1.20175907451765
rayleigh_6kPa_1000Hz,1,sequential,552,0.00972090285235594
rayleigh_6kPa_1000Hz,1,least_squares_dct,552,0.00972090285235594
rayleigh_6kPa_1000Hz,1,tie_dct,552,0.00972090285235594
rayleigh_6kPa_1000Hz,2,sequential,552,1.21647925309842
rayleigh_6kPa_1000Hz,2,least_squares_dct,552,1.21647925309851
rayleigh_6kPa_1000Hz,2,tie_dct,552,1.21647925309842
lamb_A0_12kPa_h060mm_1000Hz_random_static_carrier,1,sequential,653,0.189482600041813
lamb_A0_12kPa_h060mm_1000Hz_random_static_carrier,1,least_squares_dct,653,0.100831393375989
lamb_A0_12kPa_h060mm_1000Hz_random_static_carrier,1,tie_dct,653,0.036529477128755
lamb_A0_12kPa_h060mm_1000Hz_random_static_carrier,2,sequential,650,8.30801166596663
lamb_A0_12kPa_h060mm_1000Hz_random_static_carrier,2,least_squares_dct,650,4.76691732967774
lamb_A0_12kPa_h060mm_1000Hz_random_static_carrier,2,tie_dct,650,5.00176112635201
lamb_A0_12kPa_h060mm_1000Hz_phase_noise020rad,1,sequential,770,0.0518497414339403
lamb_A0_12kPa_h060mm_1000Hz_phase_noise020rad,1,least_squares_dct,770,0.0518497414339625
lamb_A0_12kPa_h060mm_1000Hz_phase_noise020rad,1,tie_dct,770,0.0518497414339403
lamb_A0_12kPa_h060mm_1000Hz_phase_noise020rad,2,sequential,770,5.21151671371317
lamb_A0_12kPa_h060mm_1000Hz_phase_noise020rad,2,least_squares_dct,770,5.2115167137132
lamb_A0_12kPa_h060mm_1000Hz_phase_noise020rad,2,tie_dct,770,5.21151671371317
lamb_A0_12kPa_h060mm_1000Hz_temporal_alias,1,sequential,335,1.09985519847084
lamb_A0_12kPa_h060mm_1000Hz_temporal_alias,1,least_squares_dct,335,0.355214354924427
lamb_A0_12kPa_h060mm_1000Hz_temporal_alias,1,tie_dct,335,1.05054715208397
lamb_A0_12kPa_h060mm_1000Hz_temporal_alias,2,sequential,254,97.5439736516304
lamb_A0_12kPa_h060mm_1000Hz_temporal_alias,2,least_squares_dct,254,15.8197171560021
lamb_A0_12kPa_h060mm_1000Hz_temporal_alias,2,tie_dct,254,20.7877069098414
lamb_A0_12kPa_h060mm_1000Hz_temporal_shuffle_null,1,sequential,0,NaN
lamb_A0_12kPa_h060mm_1000Hz_temporal_shuffle_null,1,least_squares_dct,0,NaN
lamb_A0_12kPa_h060mm_1000Hz_temporal_shuffle_null,1,tie_dct,0,NaN
lamb_A0_12kPa_h060mm_1000Hz_temporal_shuffle_null,2,sequential,0,NaN
lamb_A0_12kPa_h060mm_1000Hz_temporal_shuffle_null,2,least_squares_dct,0,NaN
lamb_A0_12kPa_h060mm_1000Hz_temporal_shuffle_null,2,tie_dct,0,NaN
bulk_shear_oblique_30deg,1,sequential,1271,0.00224447892994695
bulk_shear_oblique_30deg,1,least_squares_dct,1271,0.00224447892999136
bulk_shear_oblique_30deg,1,tie_dct,1271,0.00224447892994695
bulk_shear_oblique_30deg,2,sequential,1271,0.00259354166176617
bulk_shear_oblique_30deg,2,least_squares_dct,1271,0.00259354166174397
bulk_shear_oblique_30deg,2,tie_dct,1271,0.00259354166176617
