case_label,source,stage,raw_domain,raw_method,raw_iterations_requested,raw_iterations_executed,modal_method,modal_iterations_requested,modal_iterations_executed,input_pixels,score_pixels,accepted_pixels,coverage_pct,raw_phase_temporal_rmse_rad,raw_wrap_consistency_rms_rad,speed_median_m_s,young_median_kpa,speed_discrepancy_pct,young_discrepancy_pct,no_valid_reason
lamb_A0_12kPa_h060mm_1000Hz_random_static_carrier,exact_xz,raw_stage,temporal,sequential,8,0,sequential,8,0,1122,840,770,91.6666666666667,0.0298911825947875,4.10345127382576e-16,1.5416075130843,12.0000164646918,0.00810464260149746,0.0216195753745652,
lamb_A0_12kPa_h060mm_1000Hz_random_static_carrier,exact_xz,raw_stage,temporal,least_squares_dct,8,0,sequential,8,0,1122,840,770,91.6666666666667,0.0298911825947875,1.2786212738517e-14,1.5416075130843,12.0000164646919,0.00810464260153076,0.0216195753746817,
lamb_A0_12kPa_h060mm_1000Hz_random_static_carrier,exact_xz,raw_stage,temporal,tie_dct,8,8,sequential,8,0,1122,840,770,91.6666666666667,0.0298911825947875,4.10345127382576e-16,1.5416075130843,12.0000164646918,0.00810464260149746,0.0216195753745652,
lamb_A0_12kPa_h060mm_1000Hz_random_static_carrier,exact_xz,raw_stage,temporal_depth,sequential,8,0,sequential,8,0,1122,840,653,77.7380952380952,2.03759998966332,4.13500876089475e-16,1.54169572174891,12.0018481757621,0.189482600041813,0.505741765910461,
lamb_A0_12kPa_h060mm_1000Hz_random_static_carrier,exact_xz,raw_stage,temporal_depth,least_squares_dct,8,0,sequential,8,0,1122,840,770,91.6666666666667,0.846705802618087,0.991076128137062,1.54160846003709,12.0000361279132,0.100872945758906,0.268817731047533,
lamb_A0_12kPa_h060mm_1000Hz_random_static_carrier,exact_xz,raw_stage,temporal_depth,tie_dct,8,8,sequential,8,0,1122,840,770,91.6666666666667,1.04856377884289,4.54909650029505e-16,1.54160721612805,12.000010298547,0.0388944121556045,0.103753833818682,
lamb_A0_12kPa_h060mm_1000Hz_random_static_carrier,exact_xz,modal_stage,temporal,sequential,8,0,sequential,8,0,1122,840,770,91.6666666666667,0.0298911825947875,4.10345127382576e-16,1.5416075130843,12.0000164646918,0.00810464260149746,0.0216195753745652,
lamb_A0_12kPa_h060mm_1000Hz_random_static_carrier,exact_xz,modal_stage,temporal,sequential,8,0,least_squares_dct,8,0,1122,840,770,91.6666666666667,0.0298911825947875,4.10345127382576e-16,1.5416075130843,12.0000164646918,0.00810464260150301,0.0216195753746151,
lamb_A0_12kPa_h060mm_1000Hz_random_static_carrier,exact_xz,modal_stage,temporal,sequential,8,0,tie_dct,8,8,1122,840,770,91.6666666666667,0.0298911825947875,4.10345127382576e-16,1.5416075130843,12.0000164646918,0.00810464260149746,0.0216195753745652,
lamb_A0_12kPa_h060mm_1000Hz_random_static_carrier,exact_xz,tie_fixed_budget,temporal,tie_dct,4,4,tie_dct,4,4,1122,840,770,91.6666666666667,0.0298911825947875,4.10345127382576e-16,1.5416075130843,12.0000164646918,0.00810464260149746,0.0216195753745652,
lamb_A0_12kPa_h060mm_1000Hz_random_static_carrier,exact_xz,tie_fixed_budget,temporal,tie_dct,8,8,tie_dct,8,8,1122,840,770,91.6666666666667,0.0298911825947875,4.10345127382576e-16,1.5416075130843,12.0000164646918,0.00810464260149746,0.0216195753745652,
lamb_A0_12kPa_h060mm_1000Hz_random_static_carrier,exact_xz,tie_fixed_budget,temporal,tie_dct,12,12,tie_dct,12,12,1122,840,770,91.6666666666667,0.0298911825947875,4.10345127382576e-16,1.5416075130843,12.0000164646918,0.00810464260149746,0.0216195753745652,
lamb_A0_12kPa_h060mm_1000Hz_random_static_carrier,exact_xz,tie_fixed_budget,temporal_depth,tie_dct,4,4,tie_dct,4,4,1122,840,770,91.6666666666667,0.98749736915827,4.52315032516839e-16,1.54156043614765,11.9990389652755,0.0307385561656437,0.0820215048190631,
lamb_A0_12kPa_h060mm_1000Hz_random_static_carrier,exact_xz,tie_fixed_budget,temporal_depth,tie_dct,8,8,tie_dct,8,8,1122,840,770,91.6666666666667,1.04856377884289,4.54909650029505e-16,1.54160721612805,12.000010298547,0.0388944121556045,0.103753833818682,
lamb_A0_12kPa_h060mm_1000Hz_random_static_carrier,exact_xz,tie_fixed_budget,temporal_depth,tie_dct,12,12,tie_dct,12,12,1122,840,770,91.6666666666667,1.06847933927749,4.5504259099447e-16,1.54160836413516,12.0000341363546,0.030249117895359,0.0806906588345924,
lamb_A0_12kPa_h060mm_1000Hz_random_static_carrier,true_fdtd_xz,raw_stage,temporal,sequential,8,0,sequential,8,0,1122,840,770,91.6666666666667,0.0299044126103467,3.64456661232678e-16,1.56492858642193,12.4915104229348,5.24145215049922,13.9953816011668,
lamb_A0_12kPa_h060mm_1000Hz_random_static_carrier,true_fdtd_xz,raw_stage,temporal,least_squares_dct,8,0,sequential,8,0,1122,840,770,91.6666666666667,0.0299044126103467,1.14535670465058e-14,1.56492858642193,12.4915104229348,5.24145215049919,13.9953816011668,
lamb_A0_12kPa_h060mm_1000Hz_random_static_carrier,true_fdtd_xz,raw_stage,temporal,tie_dct,8,8,sequential,8,0,1122,840,770,91.6666666666667,0.0299044126103467,3.64456661232678e-16,1.56492858642193,12.4915104229348,5.24145215049922,13.9953816011668,
lamb_A0_12kPa_h060mm_1000Hz_random_static_carrier,true_fdtd_xz,raw_stage,temporal_depth,sequential,8,0,sequential,8,0,1122,840,650,77.3809523809524,2.4340109866359,3.68885891247786e-16,1.61372096793054,13.5676953783983,8.30801166596663,22.3534068413865,
lamb_A0_12kPa_h060mm_1000Hz_random_static_carrier,true_fdtd_xz,raw_stage,temporal_depth,least_squares_dct,8,0,sequential,8,0,1122,840,770,91.6666666666667,1.08425854068813,1.28601407942482,1.56113732330212,12.4106162700586,4.95224624372194,13.3052496566906,
lamb_A0_12kPa_h060mm_1000Hz_random_static_carrier,true_fdtd_xz,raw_stage,temporal_depth,tie_dct,8,8,sequential,8,0,1122,840,770,91.6666666666667,1.25039087341559,3.92111092543405e-16,1.57334213861076,12.672414639938,5.12258253209769,13.7045903287515,
lamb_A0_12kPa_h060mm_1000Hz_random_static_carrier,true_fdtd_xz,modal_stage,temporal,sequential,8,0,sequential,8,0,1122,840,770,91.6666666666667,0.0299044126103467,3.64456661232678e-16,1.56492858642193,12.4915104229348,5.24145215049922,13.9953816011668,
lamb_A0_12kPa_h060mm_1000Hz_random_static_carrier,true_fdtd_xz,modal_stage,temporal,sequential,8,0,least_squares_dct,8,0,1122,840,770,91.6666666666667,0.0299044126103467,3.64456661232678e-16,1.56492858642192,12.4915104229348,5.24145215049912,13.9953816011669,
lamb_A0_12kPa_h060mm_1000Hz_random_static_carrier,true_fdtd_xz,modal_stage,temporal,sequential,8,0,tie_dct,8,8,1122,840,770,91.6666666666667,0.0299044126103467,3.64456661232678e-16,1.56492858642193,12.4915104229348,5.24145215049922,13.9953816011668,
lamb_A0_12kPa_h060mm_1000Hz_random_static_carrier,true_fdtd_xz,tie_fixed_budget,temporal,tie_dct,4,4,tie_dct,4,4,1122,840,770,91.6666666666667,0.0299044126103467,3.64456661232678e-16,1.56492858642193,12.4915104229348,5.24145215049922,13.9953816011668,
lamb_A0_12kPa_h060mm_1000Hz_random_static_carrier,true_fdtd_xz,tie_fixed_budget,temporal,tie_dct,8,8,tie_dct,8,8,1122,840,770,91.6666666666667,0.0299044126103467,3.64456661232678e-16,1.56492858642193,12.4915104229348,5.24145215049922,13.9953816011668,
lamb_A0_12kPa_h060mm_1000Hz_random_static_carrier,true_fdtd_xz,tie_fixed_budget,temporal,tie_dct,12,12,tie_dct,12,12,1122,840,770,91.6666666666667,0.0299044126103467,3.64456661232678e-16,1.56492858642193,12.4915104229348,5.24145215049922,13.9953816011668,
lamb_A0_12kPa_h060mm_1000Hz_random_static_carrier,true_fdtd_xz,tie_fixed_budget,temporal_depth,tie_dct,4,4,tie_dct,4,4,1122,840,770,91.6666666666667,1.24530906336834,3.90168295544944e-16,1.5686042013742,12.5703046747653,4.71313526254458,12.5998746435808,
lamb_A0_12kPa_h060mm_1000Hz_random_static_carrier,true_fdtd_xz,tie_fixed_budget,temporal_depth,tie_dct,8,8,tie_dct,8,8,1122,840,770,91.6666666666667,1.25039087341559,3.92111092543405e-16,1.57334213861076,12.672414639938,5.12258253209769,13.7045903287515,
lamb_A0_12kPa_h060mm_1000Hz_random_static_carrier,true_fdtd_xz,tie_fixed_budget,temporal_depth,tie_dct,12,12,tie_dct,12,12,1122,840,770,91.6666666666667,1.25494829704895,3.92014351856734e-16,1.57281349379409,12.6609912396238,5.2236523559382,13.8438419233861,
luis3_bmode1,experimental_luis3,raw_stage,temporal,sequential,8,0,sequential,8,0,38687,52500,0,0,NaN,5.47810064119598e-16,NaN,NaN,NaN,NaN,local phase/correlation model does not fit supported windows
luis3_bmode1,experimental_luis3,raw_stage,temporal,least_squares_dct,8,0,sequential,8,0,38687,52500,0,0,NaN,4.00886673629817e-13,NaN,NaN,NaN,NaN,local phase/correlation model does not fit supported windows
luis3_bmode1,experimental_luis3,raw_stage,temporal,tie_dct,8,8,sequential,8,0,38687,52500,0,0,NaN,5.46081586825202e-16,NaN,NaN,NaN,NaN,local phase/correlation model does not fit supported windows
luis3_bmode1,experimental_luis3,raw_stage,temporal_depth,sequential,8,0,sequential,8,0,38687,52500,0,0,NaN,5.14992268817152e-15,NaN,NaN,NaN,NaN,local phase/correlation model does not fit supported windows
luis3_bmode1,experimental_luis3,raw_stage,temporal_depth,least_squares_dct,8,0,sequential,8,0,38687,52500,27,0.0514285714285714,NaN,1.80211229443073,4.01017246169551,52.7554822947049,NaN,NaN,
luis3_bmode1,experimental_luis3,raw_stage,temporal_depth,tie_dct,8,8,sequential,8,0,38687,52500,22,0.0419047619047619,NaN,5.09812042472847e-15,2.29380985355319,17.2608123784321,NaN,NaN,
luis3_bmode1,experimental_luis3,modal_stage,temporal,sequential,8,0,sequential,8,0,38687,52500,0,0,NaN,5.47810064119598e-16,NaN,NaN,NaN,NaN,local phase/correlation model does not fit supported windows
luis3_bmode1,experimental_luis3,modal_stage,temporal,sequential,8,0,least_squares_dct,8,0,38687,52500,0,0,NaN,5.47810064119598e-16,NaN,NaN,NaN,NaN,local phase/correlation model does not fit supported windows
luis3_bmode1,experimental_luis3,modal_stage,temporal,sequential,8,0,tie_dct,8,8,38687,52500,0,0,NaN,5.47810064119598e-16,NaN,NaN,NaN,NaN,local phase/correlation model does not fit supported windows
luis3_bmode1,experimental_luis3,tie_fixed_budget,temporal,tie_dct,4,4,tie_dct,4,4,38687,52500,0,0,NaN,5.19768725270723e-16,NaN,NaN,NaN,NaN,local phase/correlation model does not fit supported windows
luis3_bmode1,experimental_luis3,tie_fixed_budget,temporal,tie_dct,8,8,tie_dct,8,8,38687,52500,0,0,NaN,5.46081586825202e-16,NaN,NaN,NaN,NaN,local phase/correlation model does not fit supported windows
luis3_bmode1,experimental_luis3,tie_fixed_budget,temporal,tie_dct,12,12,tie_dct,12,12,38687,52500,0,0,NaN,5.47808135733844e-16,NaN,NaN,NaN,NaN,local phase/correlation model does not fit supported windows
luis3_bmode1,experimental_luis3,tie_fixed_budget,temporal_depth,tie_dct,4,4,tie_dct,4,4,38687,52500,9,0.0171428571428571,NaN,4.88191896925832e-15,4.0812991753804,54.6434812794353,NaN,NaN,
luis3_bmode1,experimental_luis3,tie_fixed_budget,temporal_depth,tie_dct,8,8,tie_dct,8,8,38687,52500,22,0.0419047619047619,NaN,5.09812042472847e-15,2.29380985355319,17.2608123784321,NaN,NaN,
luis3_bmode1,experimental_luis3,tie_fixed_budget,temporal_depth,tie_dct,12,12,tie_dct,12,12,38687,52500,8,0.0152380952380952,NaN,5.1589530888893e-15,2.39132617115998,18.7646024576925,NaN,NaN,
