source,raw_domain,raw_method,modal_method,common_pixels,common_speed_median_m_s,common_speed_error_pct
exact_xz,temporal,sequential,sequential,770,1.5416075130843,0.00810464260149746
exact_xz,temporal,least_squares_dct,sequential,770,1.5416075130843,0.00810464260153076
exact_xz,temporal,tie_dct,sequential,770,1.5416075130843,0.00810464260149746
exact_xz,temporal_depth,sequential,sequential,653,1.54169572174891,0.189482600041813
exact_xz,temporal_depth,least_squares_dct,sequential,653,1.54158412573721,0.100831393375977
exact_xz,temporal_depth,tie_dct,sequential,653,1.54163377701407,0.036529477128755
true_fdtd_xz,temporal,sequential,sequential,770,1.56492858642193,5.24145215049922
true_fdtd_xz,temporal,least_squares_dct,sequential,770,1.56492858642193,5.24145215049919
true_fdtd_xz,temporal,tie_dct,sequential,770,1.56492858642193,5.24145215049922
true_fdtd_xz,temporal_depth,sequential,sequential,650,1.61372096793054,8.30801166596663
true_fdtd_xz,temporal_depth,least_squares_dct,sequential,650,1.56089830760935,4.76691732967772
true_fdtd_xz,temporal_depth,tie_dct,sequential,650,1.57483379210292,5.00176112635201
experimental_luis3,temporal,sequential,sequential,0,NaN,NaN
experimental_luis3,temporal,least_squares_dct,sequential,0,NaN,NaN
experimental_luis3,temporal,tie_dct,sequential,0,NaN,NaN
experimental_luis3,temporal_depth,sequential,sequential,0,NaN,NaN
experimental_luis3,temporal_depth,least_squares_dct,sequential,0,NaN,NaN
experimental_luis3,temporal_depth,tie_dct,sequential,0,NaN,NaN
