source,raw_domain,corrections_raw_and_modal,common_pixels_with_8,accepted_mask_differences_with_8,median_relative_speed_change_with_8_pct,p95_relative_speed_change_with_8_pct
exact_xz,temporal,4,770,0,0,0
exact_xz,temporal,8,770,0,0,0
exact_xz,temporal,12,770,0,0,0
exact_xz,temporal_depth,4,770,0,0.0439859836147805,0.51503118383176
exact_xz,temporal_depth,8,770,0,0,0
exact_xz,temporal_depth,12,770,0,0.0148499423831272,0.197482137469329
true_fdtd_xz,temporal,4,770,0,0,0
true_fdtd_xz,temporal,8,770,0,0,0
true_fdtd_xz,temporal,12,770,0,0,0
true_fdtd_xz,temporal_depth,4,770,0,0.473378816796832,3.81183522153299
true_fdtd_xz,temporal_depth,8,770,0,0,0
true_fdtd_xz,temporal_depth,12,770,0,0.0912268560177398,1.13522681123212
experimental_luis3,temporal,4,0,0,NaN,NaN
experimental_luis3,temporal,8,0,0,NaN,NaN
experimental_luis3,temporal,12,0,0,NaN,NaN
experimental_luis3,temporal_depth,4,8,15,10.1687903438537,16.128818808298
experimental_luis3,temporal_depth,8,22,0,0,0
experimental_luis3,temporal_depth,12,8,14,2.61002608792896,8.58174416098724
